 /* Add employee */
 INSERT INTO employee (id, name, salary)
 VALUES (1, 'Amit', 50000),
 (2, 'Abhijeet', 45000),
 (3, 'Muskan', 60000),
 (4,'Soumya', 70000),
 (5,'Anuj',65000);
 /* Query OK, 4 rows affected (0.0177 sec) */


 /* View all employees */
SELECT * FROM employee;
 +----+----------+--------+
 | id | name     | salary |
 +----+----------+--------+
 |  1 | Harsh    |  50000 |
 |  2 | Abhijeet |  45000 |
 |  3 | Muskan   |  60000 |
 |  4 | Soumya   |  70000 |
 |  5 | Anuj     |  65000 |
 +----+----------+--------+
5 rows in set (0.0010 sec)

/* Update employee salary */
UPDATE employee SET salary = 55000 WHERE id = 1;
+----+----------+--------+
| id | name     | salary |
+----+----------+--------+
|  1 | Harsh    |  55000 |
|  2 | Abhijeet |  45000 |
|  3 | Muskan   |  60000 |
|  4 | Soumya   |  70000 |
|  5 | Anuj     |  65000 |
+----+----------+--------+

/* Delete an employee */
DELETE FROM employee WHERE id = 2;
+----+--------+--------+
| id | name   | salary |
+----+--------+--------+
|  1 | Harsh  |  55000 |
|  3 | Muskan |  60000 |
|  4 | Soumya |  70000 |
|  5 | Anuj   |  65000 |
+----+--------+--------+

/* Search for an employee by name */
SELECT * FROM employee WHERE name = 'Muskan';
+----+--------+--------+
| id | name   | salary |
+----+--------+--------+
|  3 | Muskan |  60000 |
+----+--------+--------+
1 row in set (0.0008 sec)
